{
  "loss": [
    0.40514883399009705,
    0.37202000617980957,
    0.3552249073982239,
    0.3422190546989441,
    0.3357642590999603,
    0.32732415199279785,
    0.31990090012550354,
    0.31191179156303406,
    0.3035814166069031,
    0.2988077700138092,
    0.2886081039905548,
    0.28216972947120667,
    0.27149736881256104,
    0.26394954323768616,
    0.2580873370170593,
    0.2544509768486023,
    0.24874135851860046,
    0.24792233109474182,
    0.245117649435997,
    0.24269160628318787,
    0.24154643714427948,
    0.24116834998130798,
    0.24062417447566986,
    0.2385047972202301,
    0.24040402472019196,
    0.23894669115543365,
    0.23766829073429108,
    0.23754838109016418,
    0.2379688173532486,
    0.23693431913852692,
    0.2370169460773468,
    0.23781682550907135,
    0.23680147528648376,
    0.23614121973514557,
    0.23606081306934357,
    0.2348269671201706,
    0.2380845993757248
  ],
  "mae": [
    0.70909583568573,
    0.6702235341072083,
    0.65045565366745,
    0.6343998908996582,
    0.6268778443336487,
    0.6174781322479248,
    0.6089022755622864,
    0.5981202721595764,
    0.5876336097717285,
    0.5809123516082764,
    0.5677230358123779,
    0.5582578778266907,
    0.5432342886924744,
    0.5329152345657349,
    0.5233944654464722,
    0.5183715224266052,
    0.5117717385292053,
    0.508706271648407,
    0.5048218369483948,
    0.5030097365379333,
    0.501262903213501,
    0.5000866651535034,
    0.4997541010379791,
    0.49589553475379944,
    0.4996679723262787,
    0.49706193804740906,
    0.4944096803665161,
    0.4946700632572174,
    0.4941016733646393,
    0.49557289481163025,
    0.49410954117774963,
    0.4954477846622467,
    0.4946295917034149,
    0.4935106337070465,
    0.4931333363056183,
    0.49038785696029663,
    0.49490028619766235
  ],
  "mse": [
    1.09378981590271,
    1.0121583938598633,
    0.9728070497512817,
    0.9424880146980286,
    0.9272390604019165,
    0.9000717401504517,
    0.8795875310897827,
    0.8527966141700745,
    0.8276867270469666,
    0.8070023655891418,
    0.7740286588668823,
    0.7585521340370178,
    0.7239803075790405,
    0.701144278049469,
    0.6865530610084534,
    0.6740190982818604,
    0.6543675065040588,
    0.6534403562545776,
    0.6417564749717712,
    0.6305451393127441,
    0.632796049118042,
    0.6277835369110107,
    0.6232520937919617,
    0.6189741492271423,
    0.6244968771934509,
    0.6216649413108826,
    0.6202549934387207,
    0.6170754432678223,
    0.617195725440979,
    0.6145853400230408,
    0.6206170916557312,
    0.6178790330886841,
    0.6133673787117004,
    0.6120984554290771,
    0.6162457466125488,
    0.6105411648750305,
    0.6199163198471069
  ],
  "r2_score": [
    -0.026221847161650658,
    0.06797057390213013,
    0.1068846732378006,
    0.1461515575647354,
    0.15632465481758118,
    0.17825837433338165,
    0.19666679203510284,
    0.21447932720184326,
    0.2446538805961609,
    0.25404924154281616,
    0.27713239192962646,
    0.29483485221862793,
    0.3328403830528259,
    0.3525296449661255,
    0.3732396960258484,
    0.3789048492908478,
    0.39590948820114136,
    0.39510488510131836,
    0.40443792939186096,
    0.4153732359409332,
    0.4127982258796692,
    0.4177763760089874,
    0.41865700483322144,
    0.42615213990211487,
    0.4213467538356781,
    0.42243948578834534,
    0.4263165593147278,
    0.4223293960094452,
    0.4288893938064575,
    0.42746198177337646,
    0.4303649961948395,
    0.43007686734199524,
    0.4257597029209137,
    0.4338840842247009,
    0.422931969165802,
    0.431840717792511,
    0.4273870289325714
  ],
  "rmse": [
    0.9675729274749756,
    0.9266284108161926,
    0.9074819684028625,
    0.8898635506629944,
    0.8829835057258606,
    0.8707121014595032,
    0.8601404428482056,
    0.8486520051956177,
    0.8334488272666931,
    0.8258212208747864,
    0.8106358051300049,
    0.7999829649925232,
    0.7808331847190857,
    0.7675642371177673,
    0.7574294209480286,
    0.751703143119812,
    0.7410674095153809,
    0.7417482733726501,
    0.7351235151290894,
    0.7283644676208496,
    0.7296443581581116,
    0.7270861864089966,
    0.7247241735458374,
    0.721953809261322,
    0.7246232032775879,
    0.7236990928649902,
    0.7223764657974243,
    0.7213006019592285,
    0.7193156480789185,
    0.7189810276031494,
    0.7203415632247925,
    0.7194418907165527,
    0.7206908464431763,
    0.717239260673523,
    0.7209004759788513,
    0.7170217633247375,
    0.7210299372673035
  ],
  "smape": [
    161.99607849121094,
    144.20059204101562,
    136.66265869140625,
    132.65850830078125,
    131.25827026367188,
    128.78944396972656,
    125.9359359741211,
    124.08333587646484,
    122.6741943359375,
    120.95764923095703,
    119.23409271240234,
    117.08157348632812,
    114.05742645263672,
    112.5196304321289,
    110.36443328857422,
    109.20156860351562,
    108.6759033203125,
    107.40262603759766,
    106.72785949707031,
    106.68986511230469,
    106.23639678955078,
    105.86849212646484,
    105.86125946044922,
    105.22482299804688,
    106.06037139892578,
    105.20454406738281,
    104.89610290527344,
    104.99491119384766,
    104.6480712890625,
    105.46582794189453,
    104.79263305664062,
    105.02523040771484,
    104.96783447265625,
    104.64678955078125,
    104.87890625,
    104.34738159179688,
    104.54508209228516
  ],
  "val_loss": [
    0.2566095292568207,
    0.2435205727815628,
    0.23173943161964417,
    0.23693087697029114,
    0.2392311841249466,
    0.22840890288352966,
    0.2133088856935501,
    0.23424601554870605,
    0.24149620532989502,
    0.23827071487903595,
    0.24510422348976135,
    0.2540992498397827,
    0.2599644362926483,
    0.2507100999355316,
    0.24712590873241425,
    0.23939278721809387,
    0.24034114181995392,
    0.24190577864646912,
    0.23867397010326385,
    0.24197885394096375,
    0.24102084338665009,
    0.24138951301574707,
    0.2422962635755539,
    0.24368219077587128,
    0.24404020607471466,
    0.2440408170223236,
    0.24428538978099823,
    0.2446698695421219,
    0.2447703629732132,
    0.24492783844470978,
    0.2452927529811859,
    0.2453317940235138,
    0.2452518194913864,
    0.24526409804821014,
    0.24525494873523712,
    0.2452794313430786,
    0.24535579979419708
  ],
  "val_mae": [
    0.550748884677887,
    0.5299637913703918,
    0.5062106251716614,
    0.5073420405387878,
    0.5120009183883667,
    0.5008417963981628,
    0.4944745600223541,
    0.5121073722839355,
    0.5316141843795776,
    0.528381884098053,
    0.5352272987365723,
    0.5434023141860962,
    0.553705096244812,
    0.5446228981018066,
    0.5347194671630859,
    0.5268489718437195,
    0.5223106145858765,
    0.5268269777297974,
    0.5243149995803833,
    0.5271604657173157,
    0.5269852876663208,
    0.5272626876831055,
    0.5275974273681641,
    0.5302343368530273,
    0.5294491648674011,
    0.5297420620918274,
    0.5300503373146057,
    0.5302672386169434,
    0.5300995111465454,
    0.5304171442985535,
    0.5306270718574524,
    0.5307607650756836,
    0.5306482911109924,
    0.5305047631263733,
    0.5304813385009766,
    0.5304690599441528,
    0.5305732488632202
  ],