{
  "loss": [
    0.404672235250473,
    0.3697080910205841
  ],
  "mae": [
    0.7077735066413879,
    0.666388213634491
  ],
  "mse": [
    1.088828682899475,
    1.0017163753509521
  ],
  "r2_score": [
    -0.0260284673422575,
    0.07673688232898712
  ],
  "rmse": [
    0.9657106399536133,
    0.9220150709152222
  ],
  "smape": [
    155.85191345214844,
    141.65635681152344
  ],
  "val_loss": [
    0.24350205063819885,
    0.2351963073015213
  ],
  "val_mae": [
    0.5252337455749512,
    0.49911126494407654
  ],
  "val_mse": [
    0.4640006124973297,
    0.4554186761379242
  ],
  "val_r2_score": [
    0.05075204372406006,
    0.06830888986587524
  ],
  "val_rmse": [
    0.6811758875846863,
    0.6748471856117249
  ],
  "val_smape": [
    165.89205932617188,
    144.80084228515625
  ],
  "learning_rate": [
    0.0010000000474974513,
    0.0010000000474974513
  ]
}